nMillisecondsElapsed,nBlue,nGreen,nRed,nAlpha,nIr
64,0.500002302084566,0.4101831892163,0.414964962426115,0.403282727523853,0.235062166240747
130,0.5,0.410243744188342,0.41521365321595,0.403196849518841,0.235471826773482
196,0.403003688436704,0.500001138022506,0.410097265260604,0.415142352549995,0.233519496809783
263,0.5,0.411459029119951,0.416335383539681,0.404785763980147,0.232694199655282
358,0.416185135978096,0.404175405269189,0.5,0.411275405056393,0.234564577833289
411,0.403622652825098,0.500002219750878,0.410538327446731,0.415266262905367,0.233294677434905
469,0.40390240336215,0.500001080440433,0.410817145676365,0.415491885711792,0.233997630652903
544,0.500003235356211,0.410431866660716,0.415471059301134,0.403713826431731,0.234389605111382
612,0.410190328628983,0.414887116081701,0.403087187019538,0.500002227940518,0.233048957506702
684,0.5,0.411095885903204,0.415867748279258,0.404118285540619,0.233836552867098
745,0.415333076826218,0.403293474587264,0.500003386466761,0.409929688567449,0.233960931195907
807,0.415306262942753,0.403361969637228,0.5,0.410153164839992,0.235591170437123
873,0.403563351530569,0.500002081646879,0.411114536674406,0.415841562688879,0.234741260262715
938,0.403951644951374,0.500002109896593,0.410831326403741,0.416099872458928,0.234178337748557
1006,0.500002127021277,0.41170766539439,0.416354885315938,0.404726923136583,0.235103954566429
1075,0.500003219578709,0.411941547058379,0.41667280362171,0.404935627391713,0.232725362478442
1146,0.5,0.412329138534312,0.416613393788543,0.40502707142664,0.234703457751334
1200,0.5,0.411801539146625,0.416870657509596,0.405008517146683,0.235561232471136
1274,0.416307955179359,0.404790120597311,0.500002065684423,0.411576839076153,0.233621473821761
1341,0.500002099582808,0.41173361940258,0.416848072568568,0.404726225506099,0.234806040445848
1411,0.500002072224874,0.412048985169028,0.416959618294272,0.40522988543512,0.234248648146206
1471,0.500002099582808,0.411960760414423,0.416905177752077,0.40490585991195,0.233108581993112
1554,0.404918610497531,0.500001073333344,0.412208315263294,0.416932997495607,0.232630954888518
1635,0.405171430440081,0.500001073333344,0.411728681253191,0.416962188182079,0.233799641191164
1738,0.5,0.411054479461029,0.416107722607689,0.404931057288346,0.234178448193931
1812,0.41643429003146,0.404649544402277,0.500001054232697,0.411547732281261,0.23476760917659
1870,0.416450289273899,0.404975703459073,0.500001054232697,0.411628471163857,0.233212403259026
1940,0.500003121387942,0.411357211078696,0.416031074271123,0.404555094629462,0.233173947938563
2008,0.5,0.411565758009812,0.416640111312923,0.405098979120323,0.235508189548181
2081,0.411705922802645,0.416691844200127,0.404489725299742,0.500002162120832,0.234426074232478
2140,0.500002066197682,0.411267055926355,0.41628277780711,0.404269855509639,0.234397332443376
2208,0.5,0.411386213059452,0.416310918194391,0.40478036731439,0.234266153534334
2276,0.411179136664387,0.415682407670781,0.403891894343842,0.500003113767131,0.234210766964182
2345,0.5,0.410942052108496,0.415777433981609,0.403871276082281,0.233821956685608
2409,0.415921803739865,0.403672824899395,0.5,0.411081318857354,0.235356543017318
2478,0.404259851738593,0.500002034914837,0.411067893083214,0.416072950311232,0.232423065356517
2547,0.404253825190093,0.500002962907351,0.411271334233226,0.415935596865618,0.233287302175384
2617,0.500000965611183,0.410815282838774,0.415588598045308,0.403599991558067,0.233519027557642
2680,0.411216466557549,0.416116448217755,0.404172381201085,0.500002955389009,0.231783263563235
2741,0.411346215498413,0.416077007686419,0.404438942832191,0.500002955389009,0.231678737632731
2809,0.416171617218501,0.404444311651029,0.5,0.411952262190146,0.234946747812175
2877,0.415642187104361,0.403978320683413,0.500001005457308,0.410535917381411,0.235174612937026
2942,0.50000100218329,0.410856068835323,0.41560513017194,0.403533778534726,0.234399734661092
3013,0.415735818557412,0.403820562138511,0.500001005457308,0.410866909577619,0.235839655308854
3079,0.500003023246554,0.41071060333108,0.415624873022712,0.403627558990292,0.234514762963066
3142,0.500002014094405,0.410646980254655,0.415305817472851,0.40288719091155,0.233236290918045
3217,0.415871319027827,0.404195462037112,0.5,0.411314002771232,0.236027449057294
3266,0.5,0.410605523098779,0.415141413457728,0.403441678082118,0.232430705220706
3344,0.50000100218329,0.411322510683125,0.415659352924733,0.403964842508659,0.233403923312541
3413,0.411374982178204,0.415902781410522,0.404010106119804,0.500002955389009,0.232549880528867
3473,0.411724536490127,0.416146048686753,0.40424429756031,0.500002955389009,0.231094651395883
3542,0.416131326315114,0.404601800328735,0.5,0.411738943636484,0.235265668782337
3615,0.500001021646251,0.411269571346209,0.416096670143867,0.404254407211499,0.23475600620888
3672,0.410922724203691,0.41526132270779,0.403763010815076,0.500003070576698,0.231897545286081
3738,0.410951831461825,0.415367384035018,0.403567643715895,0.500003070576698,0.234453903915963
3816,0.415977254566595,0.404028567009545,0.500003125863062,0.411152356247205,0.233309881024691
3872,0.411394020611349,0.415949252342976,0.404156646868756,0.500003195381556,0.232136965724752
3939,0.5,0.410439944427568,0.415342867427878,0.403357889731934,0.234448834556236
4006,0.415896461508478,0.403855334594493,0.500002191151103,0.41081174771454,0.232535269329476
4079,0.5,0.411239611067335,0.41581726274392,0.404045656124603,0.233740483379982
4146,0.5,0.410425802765982,0.415376918813031,0.403457928168474,0.235025156650124
4208,0.411504826992864,0.415861804100607,0.404134083311867,0.500003001851942,0.231958975743329
4277,0.500002026174765,0.410894424992167,0.415596019508596,0.404037114539939,0.235400010340829
4347,0.500002000683882,0.411205387059702,0.415701889504405,0.403844374819859,0.234004347872604
4412,0.500002000683882,0.411151024864634,0.415754830003317,0.404245341246267,0.233785551308555
4472,0.410560266371876,0.415436014699446,0.403457350306113,0.500003070576698,0.23256771616835
4546,0.50000100218329,0.410990618352236,0.415790241828052,0.403884822081823,0.233932487288653
4611,0.410978982372494,0.415546824885758,0.403664522076182,0.500003070576698,0.233184894430787
4674,0.415643604784608,0.403541225597309,0.500001982848517,0.410891797971835,0.234906666090767
4748,0.415669698766357,0.403775872652687,0.500001982848517,0.411043777060654,0.235001831065673
4807,0.415619592833573,0.403415051702137,0.50000201649846,0.410494584634928,0.236181519571845
4875,0.411597417183678,0.416092051835213,0.404332766310253,0.500002955389009,0.231844096594779
4944,0.50000100218329,0.411081931837965,0.41566000133572,0.403595146392323,0.232127690518299
5017,0.415467819773144,0.404126335840617,0.500001982848517,0.411153120759559,0.234546589951243
5080,0.415758039627538,0.403524502187565,0.50000201649846,0.410994957295635,0.236195941974074
5140,0.415969480726562,0.404129230020275,0.500001999372357,0.411322367385038,0.235516572310754
5208,0.415390531591838,0.403818612642029,0.500001982848517,0.411004470905094,0.235189836652946
5278,0.50000100218329,0.410889558558503,0.415751779455272,0.404251674583006,0.233182961268669
5340,0.415636310673713,0.403921375691745,0.500001982848517,0.411147551591468,0.235260863222469
5413,0.415551811226641,0.403877659333006,0.500001982848517,0.410989558034883,0.236542314530734
5472,0.415642386263618,0.403767780703148,0.500001982848517,0.410792251467658,0.234652475746774
5544,0.500001906341929,0.411197607490835,0.415793234513318,0.404014877977299,0.233839589786424
5621,0.4114101728845,0.416176080816018,0.404617069543301,0.500002955389009,0.231657066594621
5673,0.500001906341929,0.41073378391001,0.415637732864167,0.403358416869427,0.233606038164664
5745,0.41170186887299,0.416209796406845,0.404159296485062,0.500002955389009,0.231821504723109
5814,0.415980450483457,0.404295224641447,0.500001972024633,0.411547742098045,0.234994189512628
5880,0.415982055578673,0.404366412781848,0.500001972024633,0.411208317362564,0.236740467831886
5941,0.41174383142428,0.416021533954348,0.404082754511347,0.500002955389009,0.233088097243931
6014,0.411296291362996,0.416146010137897,0.404190636093538,0.500002955389009,0.232336074853644
6078,0.41132155524832,0.415823616083208,0.404443429021091,0.500002955389009,0.231664511669174
6150,0.411672293688418,0.416105320768562,0.404226178844491,0.500002955389009,0.232189179570799
6211,0.500001021646251,0.411527407248952,0.416289899645776,0.403980661230061,0.234649140117703
6272,0.500001021646251,0.411386446544551,0.415783252314411,0.404635587601923,0.234449038002547
6336,0.404422592419202,0.500003130715974,0.411488284630016,0.416280842428974,0.233251296442591
6412,0.5,0.410683460297452,0.415662847517588,0.40349008316726,0.234525112007182
6471,0.500002129630501,0.410825730497637,0.415589759815782,0.403871549723936,0.233882761650048
6544,0.500002129630501,0.411652624482856,0.415674625927545,0.404088456946724,0.234382595866084
6615,0.5,0.410598482033143,0.414849654737727,0.403578035018391,0.233054742953012
6676,0.500002000683882,0.411191885568269,0.415574368175445,0.404072155698935,0.233422614979633
6744,0.411197691041817,0.415369055098838,0.403798968547425,0.500003070576698,0.233535554952229
6815,0.415539015460654,0.403755124187998,0.50000201649846,0.410989092040314,0.235293544904956
6875,0.500001021646251,0.411453889087277,0.416151108438343,0.403955568082224,0.234485132206405
6944,0.50000100218329,0.410885781300143,0.415798868499615,0.403698758440105,0.234258144572142
7017,0.403594711606391,0.500003059304806,0.411387354029756,0.415874244644792,0.234037568283516
7081,0.415893460523102,0.404260265765252,0.5,0.41143126029249,0.234469475553167
7146,0.5,0.410774179313771,0.415439962567831,0.403712663943807,0.234935247700924
7214,0.500001021646251,0.411345266893283,0.416287595983568,0.404124543718991,0.234400661503267
7272,0.403734571274852,0.500001052616697,0.411305014138902,0.415666613064338,0.234146849295236
7340,0.415649671626975,0.403992199325623,0.50000201649846,0.410913489475267,0.234941692112719
7409,0.411390864097318,0.416097475446017,0.404300692971329,0.500002963470067,0.231652366486971
7478,0.50000100218329,0.410869167667908,0.415648503342638,0.404258026478293,0.233361049162207
7547,0.411129322744693,0.415416205557301,0.403587513090506,0.500003070576698,0.233500375957846
7613,0.415691669651437,0.403772519982917,0.500001988304435,0.410767688972032,0.236722835843475
7675,0.411129086529604,0.416192005849465,0.404622753959007,0.500002963470067,0.231115438295988
7745,0.415907380865992,0.404190986659805,0.5,0.411496396694195,0.235761595351326
7807,0.411510078101606,0.416091730898647,0.404265218685711,0.500002963470067,0.232028618774066
7874,0.41619248901792,0.404139891813337,0.5,0.411465625074122,0.236783963015871
7943,0.415596363354117,0.40386153756717,0.500001988304435,0.410899927124977,0.234976513144475
8011,0.410827375866247,0.415142738941407,0.403703227544561,0.500003133280644,0.233155567613171
8076,0.411572776676892,0.415764833247221,0.403545351699457,0.500003070576698,0.233595744707746
8144,0.411221307255277,0.415972743046057,0.404654016741937,0.500002955389009,0.232416832683057
8213,0.411848784950457,0.415970043889098,0.404940544114471,0.500002955389009,0.232127282805108
8273,0.415671454074026,0.403731004478815,0.500001982848517,0.411409298386862,0.235958242736116
8346,0.5,0.410969501485462,0.415373510038529,0.403668585214957,0.235377332316898
8408,0.411582716269637,0.415985113802686,0.404519042082172,0.500002955389009,0.231889913922954
8476,0.403807246848236,0.500001052616697,0.411162937464761,0.415601703462152,0.235285482618231
8547,0.5,0.410813595067309,0.415433405693414,0.403681647851466,0.233312635777482
8617,0.415700954546759,0.403751988519375,0.500001988304435,0.410834479012866,0.234560165878352
8678,0.415686601754175,0.403629022222798,0.500001988304435,0.41055825123935,0.235542400822995
8739,0.411046179067499,0.415759683169218,0.403647285878746,0.500003070576698,0.23233262333366
8813,0.41073021684598,0.415645661460068,0.403394147574594,0.500003070576698,0.233597878941823
8871,0.416084449337488,0.403698049986888,0.500002033590626,0.411423057505304,0.235942530321538
8948,0.411225240106596,0.415278451236366,0.403895513456897,0.500003070576698,0.232440135550926
9003,0.410966437485649,0.415367735193526,0.403679321607951,0.500003070576698,0.233501945276903
9082,0.415555718067876,0.40379270511116,0.500001988304435,0.411113565155047,0.235032734527423
9139,0.415362208934588,0.403662220488879,0.500002133556428,0.410866370308742,0.23446424157917
9205,0.411096305909107,0.416018175989871,0.403992645732881,0.50000104829122,0.23377420130293
9266,0.415829308414757,0.40391445082412,0.500001988304435,0.411039896043177,0.235986928723485
9336,0.415599249471897,0.403588658216752,0.500002133556428,0.410656631197427,0.234010050458524
9408,0.410894917928931,0.415558940586341,0.403540043950838,0.500003070576698,0.233386787897807
9475,0.5,0.410289255233867,0.415148225473515,0.403593990231459,0.233674880106033
9551,0.415840305451477,0.403703528748896,0.50000201649846,0.411127559996356,0.235164573050435
9614,0.41604487154005,0.404123930241537,0.5,0.41141103217589,0.235062176797898
9679,0.415555829602506,0.403848370556496,0.50000201649846,0.410978940424478,0.235829366025151
9740,0.411296105770365,0.416020037551187,0.404382989221769,0.500002963470067,0.231529499063134
9809,0.41603994529213,0.404253588825493,0.5,0.411422326877189,0.23439569909813
9879,0.415769504432983,0.403911243530231,0.500001988304435,0.411298340279155,0.235084475943599
9939,0.411120863090768,0.41608156810609,0.404335765806603,0.500002963470067,0.232921277975776
10005,0.411644999444333,0.416509639656062,0.404197366046827,0.500002955389009,0.232131993760961
10076,0.416211954141784,0.404138443282672,0.5,0.411209086758517,0.235164040006581
10152,0.500002013640506,0.411038489632951,0.415419098299671,0.403436335145212,0.23355082154609
10200,0.403600919358629,0.500001052616697,0.410910167161286,0.415613746948991,0.233722013499462
10277,0.416049794227086,0.403927575681077,0.5,0.410934419497353,0.234669402646712
10343,0.415868338600136,0.404144208222726,0.500003125863062,0.411484652273424,0.234041607405561
10413,0.500001021646251,0.411628205990712,0.416184406916582,0.404222614930386,0.234883391073433
10475,0.5,0.410994444030437,0.415477684829294,0.403583504141443,0.234107603483114
10546,0.415700858501905,0.403920569328065,0.50000201649846,0.410686932020624,0.235336142368035
10614,0.415705148707068,0.403858343275899,0.50000201649846,0.410888783402123,0.235380978154632
10672,0.500001021646251,0.411804471556401,0.416000773102171,0.404324451339302,0.235327314678843
10742,0.5,0.411614457694478,0.415505856803075,0.40411900221558,0.233699737933255
10813,0.41619941454755,0.404420995386522,0.5,0.411435937799065,0.234233450778147
10874,0.500001906341929,0.410932411421562,0.415588960564807,0.403658630117711,0.23231238608151
10943,0.404591144877099,0.500002056880546,0.411624618795432,0.416308330348012,0.233812248501771
11016,0.415868976630648,0.403568672769127,0.50000201649846,0.411430938295454,0.234647774881445
11081,0.415555340080191,0.403654499665017,0.50000201649846,0.410969824619963,0.236201689674717
11141,0.415679049883837,0.403581749723312,0.50000201649846,0.41133201589615,0.235967224798396
11212,0.500002000683882,0.410624217200871,0.416052844672843,0.403492433018928,0.233147138313073
11273,0.500002000683882,0.411501639920673,0.415581475576855,0.403498322400717,0.232556026692898
11349,0.500002000683882,0.41140332090149,0.415863179898846,0.40428188626002,0.233592449014466
11408,0.500002000683882,0.410999731253011,0.415702835537255,0.404065132325377,0.232967709363676
11478,0.500002000683882,0.411349356138199,0.415778172370297,0.404326428553678,0.233297650161405
11541,0.50000100868555,0.41105266124607,0.416045524684247,0.40413771525108,0.233587114461758
11613,0.500002000683882,0.411051936574584,0.415811926343922,0.404018154250869,0.232942621411777
11681,0.404077225700937,0.500002056880546,0.411678902449668,0.416238861965226,0.235004118652109
11740,0.403452208777551,0.500001086450617,0.410644655968569,0.415925314611786,0.23338862441335
11807,0.41609162011026,0.404147876455544,0.5,0.411494832390336,0.235139919701516
11876,0.5,0.411394170430051,0.415830310995297,0.403979277997444,0.233729873486487
11944,0.416752934504323,0.404843450712327,0.500002070475455,0.412059598617431,0.234454725291893
12013,0.416318534247955,0.404252599125139,0.500002120418456,0.41154290817726,0.235696241552168
12080,0.412251791515839,0.416835073338529,0.405186251453866,0.500001010349217,0.232686330372328
12142,0.500003035334568,0.412495276342997,0.416814985362996,0.405383204585235,0.234565571315563
12211,0.500001115816975,0.412796697496878,0.417314050884737,0.405726791396464,0.235594749440729
12278,0.500003312753253,0.411658907426626,0.416515287568743,0.405260851241632,0.235128422280949
12341,0.5,0.411754562885025,0.41683421619069,0.405154175506414,0.232986728332743
12410,0.405140823987502,0.500001109694459,0.411816677190401,0.416449506387437,0.232859446623309
12476,0.5,0.41263659185048,0.417356240133776,0.40600690765973,0.234100070015303
12540,0.404882063056843,0.500001109694459,0.411907821065478,0.416425129979363,0.231664069812898
12612,0.50000215931962,0.412694939289337,0.417357261233685,0.405693038606027,0.234360856781963
12674,0.40487068125064,0.500001109694459,0.411862619062873,0.416529114163816,0.232776142551549
12742,0.5,0.41256579759913,0.416764356651563,0.405163390217938,0.23437520407799
12810,0.500003359948429,0.412033107611606,0.416682821272903,0.404921532526626,0.234185897138399
12876,0.417059342713896,0.405017620492407,0.500002049697264,0.41193048031308,0.233948492485042
12943,0.5,0.411706266561693,0.416703818409497,0.404926683302682,0.2339080317436
13015,0.416570158303389,0.404437285036761,0.500002106164148,0.411326155652437,0.233668914365324
13079,0.412602127248524,0.416716650653827,0.404782958058964,0.500002014938507,0.232643476200386
13146,0.5,0.412563657988508,0.416783884288777,0.405787401357939,0.234956100151606
13208,0.500001010708155,0.412146613694229,0.417120912077955,0.405604295197023,0.234704291045504
13278,0.405114626930163,0.500000993169809,0.411777070588515,0.416586262172347,0.23446764931159
13340,0.5,0.412158654786474,0.416653361083853,0.405603862071878,0.233215847624729
13407,0.5,0.411753305053884,0.417094314807944,0.405022359370134,0.233271794569729
13472,0.5,0.411768598032058,0.416682975614416,0.404707730832266,0.234334122134901
13540,0.500001073517469,0.411471404193525,0.416186614682672,0.404394594747471,0.234886627765989
13611,0.500001073517469,0.411877616745033,0.416247290986674,0.404623472324534,0.234758250869225
13679,0.417080637487819,0.404966469858557,0.500001011624211,0.41211849497541,0.234682545119946
13744,0.5,0.411989828945435,0.416439810198727,0.404635633591654,0.232580392193322
13814,0.417129695966246,0.405093934419787,0.500001011624211,0.412300845116366,0.233721842940751
13869,0.500001073517469,0.411772571258732,0.41609066857128,0.404555808237975,0.233849440556877
13946,0.416952777636131,0.405369392693849,0.500001011624211,0.412143245941206,0.234414654599036
14010,0.500002026371797,0.411606717320863,0.416385032462241,0.404756862756472,0.233833288047825
14085,0.5,0.41210672263787,0.416797213153139,0.404630332532822,0.23167903994682
14137,0.500002091818881,0.411541975475168,0.415759043333701,0.404629509302157,0.233123861322899
14213,0.416472639951715,0.404868912189031,0.500001047553607,0.411904213418605,0.234358483405024
14272,0.412021462437311,0.41655225605406,0.404947821802172,0.500003066108595,0.234456585351324
14342,0.5,0.411437508438748,0.416406934544338,0.404262820673488,0.235067002174524
14413,0.40401986240813,0.500003129515262,0.411055383055434,0.415816502796573,0.233383767233561
14475,0.50000310325404,0.411658873096622,0.416585598395952,0.40533203271446,0.233570329898644
14544,0.5,0.412320326175202,0.416718551873653,0.405649607883519,0.23331159711096
14619,0.5,0.41222228053886,0.416834804078398,0.40542414338348,0.233497341296337
14669,0.5,0.412153882395854,0.416922343446604,0.404897647121749,0.233502596775243
14743,0.411559555691683,0.416160265888198,0.404951391263239,0.500002110893198,0.233436914467451
14812,0.416504873179011,0.404795750772427,0.500001041582621,0.411469282385762,0.23518667192148
14872,0.5,0.412513942989252,0.416859503170677,0.405140618024423,0.233162857030179
14942,0.5,0.412390430405627,0.416658713230675,0.405343652557743,0.233167572417287
15009,0.5,0.412028296638935,0.416722047811931,0.405205380137706,0.233706303192619
15085,0.416351961173457,0.404888935231184,0.500002065070112,0.411779501638987,0.235186392358168
15135,0.5,0.411681693421323,0.416572137737956,0.405065394764038,0.23400730374159
15211,0.404856680026285,0.500000994735198,0.4119815444889,0.416312394658805,0.233065528125542
15280,0.500001975358501,0.411653336818084,0.416408843378205,0.404963297738832,0.234162937493127
15338,0.500000995954896,0.411955082957733,0.416338781872216,0.40487955980925,0.233949344125406
15411,0.416039149996658,0.404347877388792,0.500002932142044,0.411656561644123,0.234084670150378
15486,0.416074440960989,0.404005490295794,0.500002932142044,0.411213935227914,0.233823097146669
15547,0.416039194878698,0.404559913419817,0.5,0.411356313138015,0.234026345516815
15617,0.500002031740238,0.41123514112257,0.4161730620029,0.40453295040888,0.23358259766985
15674,0.500002121318307,0.411595574654388,0.41623825053328,0.404744795280566,0.234214303787406
15744,0.500002984982273,0.411792587598001,0.415936225478975,0.404409741463577,0.23396052416467
15811,0.416024422015917,0.404306515851977,0.500000982769068,0.411293991560264,0.234878813373326
15879,0.415189105643948,0.403614500581079,0.500002086162332,0.410469488866711,0.234317869593973
15939,0.500002031740238,0.411738371279675,0.416197252091373,0.40439847274842,0.233470528861801
16012,0.415978920553211,0.404090787909244,0.500001998668609,0.411210955254525,0.234188094434465
16083,0.404153333506185,0.50000105024725,0.410801365646474,0.415820701832586,0.233920398329653
16146,0.5,0.410644985351559,0.415604800566707,0.40401848727256,0.234240860637465
16204,0.416231011697449,0.404152161829089,0.500002205027904,0.410997926142776,0.234287559764626
16279,0.416128772106732,0.404524742098965,0.500002036373393,0.411427085518491,0.235108602167194
16338,0.5,0.411359132307785,0.416260748840187,0.404479665193098,0.234261662560838
16413,0.5,0.411752876927563,0.41607913397942,0.404514377847198,0.233922700553655
16473,0.500002111000636,0.411320527652027,0.416270745189866,0.404754747555218,0.233560127400285
16545,0.500001032600885,0.411796146418374,0.416493889932647,0.404234591819554,0.23389580552138
16617,0.50000297697389,0.411350786159939,0.4161434983582,0.404374099745519,0.23414107325779
16673,0.500002062004914,0.411923180062732,0.416568914492049,0.404744524510427,0.233373956720978
16748,0.500002062004914,0.411592606484429,0.416568565313222,0.404841165141827,0.233723343840298
16807,0.5,0.410820129284858,0.415531346265586,0.403948237292406,0.23390401480169
16878,0.415567787083866,0.404242781623043,0.50000199026819,0.410626594097153,0.23501622692234
16942,0.415935581544223,0.40442857692541,0.500001017902353,0.411478389561982,0.235053301082108
17010,0.415601059907643,0.403735497435,0.50000199026819,0.410902177270277,0.234013537534126
17083,0.415678322604373,0.403845617753093,0.50000199026819,0.411169330295318,0.234371204020867
17142,0.41117680860019,0.416306797343643,0.404273707498425,0.500002031344195,0.23341762504525
17212,0.5,0.411186091367642,0.415888024269608,0.404045987063934,0.234266278526296
17276,0.410902827321885,0.415660372768388,0.404049546770982,0.500002979007844,0.232931527201244
17349,0.411437411921021,0.416095098169627,0.404509883133067,0.500002031344195,0.234145282685193
17410,0.50000100218329,0.410377838294863,0.415703161108648,0.403773168564149,0.234436439291678
17480,0.50000100218329,0.41096874209592,0.415846049145799,0.403821245083341,0.233045996000568
17542,0.500002034517214,0.411215548095969,0.415827558393075,0.403515164058548,0.233402833527706
17611,0.500002034517214,0.410773852276144,0.416027049896802,0.403445609267993,0.233543122864912
17679,0.416466970263253,0.404568999204294,0.5,0.411709825782994,0.235423510675533
17743,0.415936153417362,0.40407956725061,0.500002064764177,0.411349059458804,0.234287352318773
17814,0.416231698185104,0.404573413765403,0.5,0.411619189474633,0.235444293238508
17874,0.416372340335028,0.404981461668871,0.5,0.412191875434478,0.234654097532402
17943,0.500002041996239,0.410822591611063,0.415836812413635,0.404208100657589,0.233221599664143
18011,0.500002041996239,0.411216190845741,0.415976386213267,0.404322870971792,0.232470692390206
18081,0.5,0.410603720817388,0.41522315788059,0.403262919038647,0.232725049193147
18140,0.410197450189628,0.415448603352916,0.403210200637612,0.50000105482043,0.23362824676217
18207,0.500002041996239,0.411082806579942,0.41595319534683,0.404039990752304,0.232521383711039
18278,0.416426430153016,0.404146476239339,0.500000981889331,0.411555358624245,0.23434348093298
18343,0.403845828186975,0.500000949230325,0.41113467536427,0.415391711627962,0.232050556146213
18412,0.5,0.41033867592913,0.414970054752811,0.403482330600736,0.233061320088171
18474,0.4035750092828,0.500000949230325,0.410683143941801,0.41565913079712,0.2317343314421
18548,0.404132330278013,0.500000949230325,0.411059249875974,0.415800280947649,0.231962119090878
18618,0.500002011630631,0.411657966311629,0.416225417897834,0.404715042183152,0.232521528982266
18667,0.500002011630631,0.411795040203747,0.416125523721736,0.404683269590098,0.233073118385469
18747,0.500002011630631,0.411918763346229,0.416167647985573,0.404598233132465,0.232683778769696
18810,0.500002011630631,0.411770577234682,0.416561148274586,0.404494970799398,0.231826578841801
18886,0.403467357813495,0.500000949230325,0.410922654448979,0.415670987607837,0.232552794473656
18940,0.500000000000042,0.411572281069729,0.416241502860319,0.404477606290662,0.231599078229333
19017,0.403692703103884,0.500000949230325,0.411154497350621,0.415440924908142,0.232075129565332
19073,0.403772447429819,0.500000949230325,0.410506697918605,0.415535307496957,0.232158080730917
19152,0.403908027922892,0.500000949230325,0.411163100410839,0.415667240423404,0.233330583320071
19206,0.403838106151773,0.500000949230325,0.410814121891897,0.41542596461023,0.231348213902625
19275,0.404457563968861,0.500000941807115,0.411806599428431,0.416246270258912,0.232213857351423
19353,0.403929028574227,0.500000949230325,0.4108278656983,0.415652927069964,0.232321707317665
19404,0.500002011630631,0.411317715899915,0.416409622903776,0.404397509428966,0.233479057481004
19483,0.403899623509607,0.500000949230325,0.411439706248785,0.415765840250286,0.232532876227432
19539,0.500002011630631,0.411871003039651,0.416311292438834,0.404480417838411,0.231315024572115
19618,0.5,0.410496189821006,0.415130664783248,0.403297387956066,0.233342968847374
19672,0.410757032724645,0.415599631120048,0.403620273662648,0.500003117960948,0.233842905782105
19739,0.500002074839984,0.411237602099639,0.415699858121177,0.404004334237121,0.234283638415753
19810,0.500002034517214,0.410915695367538,0.415619666904981,0.403774896389253,0.232954484909046
19879,0.500002989122265,0.411624683126,0.416316882702353,0.404397896804705,0.234023294439282
19941,0.500002989122265,0.411677433065472,0.416412156575572,0.404550177466023,0.23496424622731
20010,0.410940323008739,0.415649190093398,0.40371457182111,0.500003117960948,0.235071934574803
20084,0.500002989122265,0.411720632110354,0.416612255755421,0.404492377178198,0.235142820354172
20141,0.500003008403187,0.411460754475342,0.416107542829015,0.404255373479668,0.232538004903894
20211,0.415290312340471,0.403318895871292,0.500002146157624,0.410416944955142,0.233912316449402
20276,0.415188514449654,0.40354669275762,0.500002146157624,0.410745089690715,0.234437402589138
20350,0.415143667430752,0.40349111008656,0.500002146157624,0.410485864590591,0.235285146330691
20410,0.5,0.410585281888321,0.415752218958553,0.40369271653715,0.233581315949029
20479,0.415335833438947,0.403752459551061,0.500002146157624,0.410523014657737,0.233892176104136
20539,0.415011340282562,0.403217097299745,0.500002146157624,0.410694222340478,0.234062976483076
20608,0.5,0.410900047076139,0.415674857039009,0.404037311667304,0.233519627069672
20683,0.5,0.410620808619842,0.41580504500039,0.403549952406046,0.23307208239068
20738,0.415285302563953,0.403704998722465,0.500002146157624,0.410898662402752,0.234135934752079
20809,0.5,0.410584950654645,0.415915838548761,0.403579720966209,0.23411934190815
20875,0.5,0.410750143571083,0.4155409695645,0.404048847564498,0.235353755210917
20943,0.5,0.41060427274308,0.41551349105723,0.403486412918573,0.23364744095986
21011,0.5,0.410402587634656,0.415537515005745,0.403496695517978,0.233806732540443
21083,0.5,0.410845381019469,0.415775428733914,0.404031564074693,0.235693067855351
21140,0.5,0.411171528307914,0.415534353959501,0.403999451207067,0.236210453208839
21213,0.5,0.41110495723076,0.415604114225814,0.404202692330203,0.234259643019872
21275,0.41075579307122,0.415479504463738,0.40372876085128,0.50000105482043,0.234745397984732
21346,0.5,0.410741600099155,0.415590321494754,0.403518379833434,0.232795120132318
21406,0.5,0.410844559076064,0.415309016478516,0.403500204492847,0.234281839138032
21473,0.500002034517214,0.410627786754371,0.41559680693442,0.404104717716101,0.234981743689204
21540,0.410842559197536,0.415415474028163,0.403838047192417,0.500003117960948,0.233873284218977
21615,0.411426991967017,0.416179645538411,0.404506441060839,0.500002031344195,0.23394111965757
21675,0.500002034517214,0.410988668011195,0.415813439369207,0.40382756966704,0.234212197710893
21743,0.5,0.410978209662706,0.41517251600201,0.40351530699052,0.233489720688925
21868,0.5,0.411096185045529,0.415555458518981,0.403741212875267,0.233210466480108
21942,0.5,0.411032184160339,0.415508434251804,0.403382023253455,0.233891285156509
22011,0.50000212412975,0.410841754653144,0.41570408763763,0.403523430559125,0.23349240570552
22077,0.5,0.410630047757465,0.415249289500394,0.403342145300174,0.234838515482175
22146,0.5,0.410872218156965,0.415427513769018,0.403626681661744,0.233348708190855
22209,0.41038499703167,0.415611867459487,0.403838892250054,0.500003117960948,0.234831489014342
22284,0.411218919015631,0.415499776718556,0.403880594055899,0.500003117960948,0.233475141104687
22341,0.500002034517214,0.411292674461514,0.415690102777411,0.404235700993044,0.233249008886131
22412,0.500002034517214,0.411204366313215,0.415696918433809,0.404103066048264,0.235153194592976
22475,0.50000212412975,0.411162958547955,0.415582357250147,0.403880035074471,0.233752233304014
22545,0.500002034517214,0.411236377040144,0.415684437012523,0.403884648893167,0.233895691032301
22618,0.500002034517214,0.411029299446821,0.415722748433775,0.403797068241061,0.23350664003904
22674,0.5,0.411143885342889,0.415823859560191,0.404077049616387,0.23441922228437
22750,0.500002034517214,0.411102143834103,0.415710210212416,0.40381476753337,0.234113938660042
22808,0.500002034517214,0.411239814846694,0.415688732631279,0.403720486491048,0.23443428123565
22881,0.5,0.410811295316793,0.415705288407084,0.403950677195862,0.234093985107718
22941,0.500002041996239,0.411035190611193,0.415825266413801,0.40435986080956,0.233526286145861
23012,0.500002041996239,0.411112785812799,0.416051803543279,0.404250985350212,0.233771370079435
23080,0.5,0.410761446186262,0.415719059199947,0.404217516257488,0.233303299000513
23143,0.416063484294993,0.405109036657632,0.5,0.411507606113267,0.234387056530034
23214,0.500002041996239,0.411316420554305,0.415831233107091,0.404327583908007,0.232850877600306
23274,0.416397227670348,0.404735174495297,0.5,0.411621386648961,0.234919754151774
23351,0.5,0.41115487405787,0.416221936162873,0.404547269261524,0.234144223808141
23414,0.5,0.411168103582808,0.415819402693189,0.404049311770695,0.232791896886255
23474,0.5,0.411020610052189,0.415374470258082,0.4041817847058,0.233585159003833
23545,0.5,0.411310719185815,0.415746443922901,0.403979305544281,0.233206760983358
23615,0.411124029716429,0.415724729850105,0.403769726957727,0.500003117960948,0.234397020781949
23681,0.410901345258687,0.415727836025221,0.403919252359707,0.500003117960948,0.234531913701096
23740,0.410845650597326,0.415457250660132,0.404218827825509,0.500003117960948,0.233187613841474
23814,0.410623095885578,0.415545880924469,0.403379056349211,0.50000105482043,0.23372320101827
23877,0.5,0.410927868898844,0.415456526277705,0.40390369151531,0.23327633925206
23947,0.403716239897331,0.500000949230325,0.411025978511672,0.415601963256107,0.231906056245101
24009,0.5,0.410641572905504,0.415467845336414,0.403805507653394,0.232616920592059
24090,0.500002011630631,0.411648947524083,0.416393517274538,0.404529546308198,0.232857116317102
24151,0.500002011630631,0.41174684273197,0.416050095619457,0.404928862980877,0.234149043471045
24208,0.500002034517214,0.411048705223273,0.415774970979319,0.403394446730902,0.234474197223219
24282,0.500002081888898,0.410897317979141,0.415309531801327,0.403631132493671,0.234598399385274
24344,0.5,0.41047176215204,0.415503094760013,0.403494361439919,0.234711655646267
24412,0.500002034517214,0.410873349013451,0.415870107303237,0.403986563073835,0.234696304125372
24472,0.410295664103521,0.415109011287851,0.403195787159326,0.500003176166433,0.232967360404996
24539,0.5,0.410878279863921,0.415879861581105,0.403734275329585,0.233972753996183
24613,0.500002034517214,0.410999519679252,0.41563518172285,0.404007946675065,0.233076158952456
24673,0.500002081888898,0.41067613735582,0.415369269267926,0.403502354515661,0.233559600763542
24747,0.5,0.410814203412607,0.41549119122558,0.403668796467583,0.234155219082871
24804,0.500002081888898,0.410885352228501,0.4156868219784,0.403661039516916,0.2341220437157
24877,0.500002004277466,0.411012511030906,0.415598829393623,0.403345363137055,0.233389843694285
24945,0.5,0.411082150065274,0.415756519173369,0.403801975295772,0.232755633455417
25010,0.500002004277466,0.410645644799915,0.415640372381912,0.403856799864625,0.233809664831866
25084,0.5,0.410784906807693,0.415351759508608,0.40366624665484,0.234235056327082
25149,0.500002081888898,0.411304403273683,0.415365853050005,0.40393405430455,0.235442964742716
25219,0.5,0.410926672411063,0.415779543420147,0.404095470319885,0.233238769037842
25272,0.5,0.410809405133368,0.415916485278441,0.40398872789631,0.23307460386686
25337,0.5,0.411135411320758,0.415918520271786,0.403506819948196,0.233804554103936
25410,0.50000212412975,0.41099737161143,0.415715895034844,0.404077728557854,0.235026011874391
25479,0.5,0.411131092480889,0.415714903247235,0.403917857889595,0.234272817851429
25543,0.5,0.410939867044974,0.415343633260025,0.40372160796222,0.234697613855183
25629,0.500002081888898,0.410830972139887,0.415442779541867,0.403806618078561,0.235021271482496
25687,0.5,0.411067347130727,0.415537188871465,0.404142621259877,0.234297965679194
25738,0.500002081888898,0.410936998264553,0.415243129678864,0.403594166969089,0.234607113847581
25813,0.415890632121093,0.404162085886786,0.5,0.411285589672804,0.235312310912367
25877,0.500002081888898,0.410872781907895,0.415263384620356,0.403718813161097,0.234707152843935
25946,0.500002081888898,0.410642193389479,0.415589194849073,0.403371548670452,0.235065150707444
26009,0.500002034517214,0.411022059572862,0.415735161192034,0.403891683490576,0.235153626985014
26087,0.5,0.41130295839661,0.415791549009064,0.404021085257927,0.234601870942532
26146,0.410852628497052,0.415377295996238,0.403222787424543,0.500003176166433,0.23361132136077
26208,0.500002081888898,0.410911274013278,0.415318377280235,0.403628703933894,0.234427012264828
26279,0.415537849584046,0.403591306501678,0.500001033231903,0.410526073483614,0.235948272293442
26346,0.415452918078945,0.403982006144448,0.500001033231903,0.410965787986061,0.236110307147592
26417,0.500000000000001,0.411562027714921,0.415918741770822,0.404670493087404,0.234106435086268
26470,0.500002004277466,0.411182166791265,0.415477574634608,0.403949983422665,0.233479887677256
26546,0.500002004277466,0.411079801779929,0.415377960447497,0.4035888859166,0.233561505089441
26622,0.500002004277466,0.410926960551832,0.415369918345776,0.404256810345251,0.232579293700536
26684,0.500002004277466,0.410970244873793,0.415431937853636,0.403989855047581,0.233390637179515
26740,0.500002004277466,0.410581984595109,0.415694424701991,0.403731555368791,0.233648687218663
26812,0.500002004277466,0.410708826489773,0.415591869099509,0.403759895456563,0.23335815470124
26874,0.500002004277466,0.410531383765372,0.41546527425359,0.403920024595476,0.233736310126102
26948,0.500002004277466,0.41074954302445,0.415492544355774,0.403791481890844,0.233298868183786
27009,0.500002004277466,0.410986393697498,0.415692233129264,0.403808557831076,0.233582907786277
27088,0.500002004277466,0.411018064184258,0.415559610747119,0.40394551559547,0.233645773098978
27150,0.500002004277466,0.410831171175564,0.415616054438036,0.403669515045022,0.232436773509003
27210,0.500002004277466,0.410470372973141,0.41556682469606,0.403554088722886,0.233581467138178
27283,0.500002004277466,0.410270112567666,0.41574687125339,0.403547112325432,0.233039024846047
27345,0.403782671090908,0.500001994681899,0.410808682143823,0.415609635167429,0.231565425898983
27415,0.500002004277466,0.410694610338608,0.41542002121662,0.404057225099596,0.23444414323004
27479,0.500002004277466,0.410869229040815,0.415677850296212,0.403363920926146,0.233294730805477
27544,0.500002004277466,0.411115463819514,0.415482783493406,0.403621768786695,0.232782597245824
27630,0.500002004277466,0.410930030266702,0.415460290338821,0.404098777002981,0.234047861726215
27690,0.500002004277466,0.410555401538364,0.415777053438887,0.403840473192602,0.234003904845691
27746,0.500002004277466,0.411089622683312,0.415392127145323,0.403736948072194,0.234267812326576
27815,0.415657158099859,0.404024402219011,0.50000200794791,0.411017318633302,0.236536925479691
27884,0.4035224479492,0.50000099146903,0.410560647597263,0.415618748508704,0.231735516250902
27936,0.500002004277466,0.411012323392046,0.415340708069552,0.403700857411235,0.233346912402803
28014,0.500002004277466,0.410636763589396,0.415678692235408,0.403231602831595,0.234154448017288
28088,0.500002004277466,0.410605988708644,0.415461522311241,0.404043211822627,0.233891715299251
28156,0.404013986428271,0.500001994681899,0.41114218081759,0.415704482982866,0.2321810342572
28217,0.500002004277466,0.410395030131207,0.415858153179045,0.403532236656412,0.233281911327835
28277,0.500002004277466,0.410641958913289,0.415528967315459,0.403714836721559,0.233589739821987
28347,0.500002004277466,0.410626055429712,0.415418427346626,0.404004284806905,0.233813390038843
28410,0.415972617271481,0.404558332529457,0.500000998246751,0.411335895457523,0.235342171200384
28478,0.500002004277466,0.411144231550565,0.415523318026271,0.403878714612118,0.233347030034821
28548,0.40355073604727,0.500001994681899,0.411302528566406,0.415612820777944,0.231266410446194
28622,0.500002004277466,0.41057301925853,0.415799499881368,0.403758382305295,0.232283449494111
28686,0.415922575937813,0.404147465827041,0.500000998246751,0.410942766103515,0.235856531898745
28739,0.416094887501529,0.404183379721833,0.500000998246751,0.411328415159229,0.236620184691217
28817,0.415813199946617,0.404286839373854,0.50000200794791,0.410908867902133,0.236779431982039
28872,0.500002004277466,0.41058446197841,0.415514986226689,0.403638471805808,0.234124328231883
28939,0.500002004277466,0.411186721738833,0.415391261548654,0.403870711264148,0.234413580681677
29010,0.403466846855135,0.50000099146903,0.410876772477637,0.415427202766746,0.231570508554443
29088,0.500002004277466,0.410753090278449,0.415531325073058,0.404112135667393,0.232878563508234
29158,0.500002004277466,0.410572844714926,0.415552395685888,0.403733984997154,0.233366178827621
29217,0.403438596109779,0.50000099146903,0.410882275798527,0.415521821937812,0.232433238304297
29307,0.500002004277466,0.410798849860688,0.415533300737792,0.403789478676203,0.234085565847792
29421,0.500002004277466,0.410529252750421,0.415557508868703,0.403687827279404,0.232822915864341
29480,0.403815680019159,0.50000099146903,0.410775080316927,0.415507382743354,0.231883013141878
29539,0.500002004277466,0.411012844626273,0.415852137758738,0.403602912303327,0.233854251413836
29613,0.500002004277466,0.410933667534354,0.415387552299591,0.403817642457896,0.233209595806146
29680,0.500002004277466,0.410923242255568,0.415593783745007,0.403657281483814,0.235050897657366
29745,0.500002004277466,0.410707292615346,0.41582105711074,0.40385510611796,0.233918178236244
29815,0.500002004277466,0.411096610536432,0.415754905975598,0.40370237881921,0.234661551845247
29877,0.500002004277466,0.41109288909231,0.41558273206091,0.404029517954306,0.234462146403339
29951,0.500002004277466,0.410718749876873,0.415389084484426,0.403947019262391,0.232934123119999
30011,0.500002068042597,0.411073103894356,0.415599199484657,0.403770210921139,0.233580326071695
